{
    "num_steps_results": {
        "centralized": [
            408,
            367,
            622,
            433,
            340,
            401,
            778,
            391,
            61,
            60,
            61,
            63,
            66,
            70,
            74,
            76,
            78,
            81,
            82,
            86,
            87,
            89,
            90,
            93,
            94,
            94,
            95,
            93,
            93,
            94,
            94,
            94,
            95,
            95,
            96,
            96,
            88,
            88,
            97,
            97,
            98,
            98,
            98,
            98,
            89,
            89,
            99,
            89
        ],
        "softmin": [
            403,
            419,
            876,
            407,
            466,
            507,
            642,
            364,
            597,
            674,
            629,
            543,
            741,
            45,
            33,
            45,
            33,
            33,
            31,
            33,
            32,
            32,
            31,
            41,
            31,
            40,
            30,
            39,
            43,
            38,
            44,
            36,
            42,
            37,
            400,
            48,
            49,
            48,
            89,
            274,
            78,
            98,
            347,
            93,
            72,
            115,
            111,
            92
        ]
    },
    "avg_time_results": {
        "centralized": [
            0.0017170002524602092,
            0.00288358589877253,
            0.004804457745620948,
            0.007046286411549089,
            0.009554367261198609,
            0.013060322448388855,
            0.017645871991217518,
            0.021859025468631665,
            0.0291015871109501,
            0.03643710105145564,
            0.046324933728864114,
            0.053276948630809784,
            0.06454554600502128,
            0.07818449383050623,
            0.08914755503336588,
            0.10169432999251725,
            0.11767572692677944,
            0.133170436068279,
            0.15724219471575265,
            0.17055297171932526,
            0.19580656831914728,
            0.2158777634302775,
            0.23892458978590075,
            0.26757398311128006,
            0.29495823257847836,
            0.33747589713648746,
            0.35413119196891785,
            0.397676483113715,
            0.41447033527049615,
            0.4475367144534462,
            0.48782674136914705,
            0.5733431740810997,
            0.5849580243229866,
            0.6733716850479444,
            0.6909693467248347,
            0.7494995127019194,
            0.8139509136757154,
            0.8826952435997095,
            0.9211138535519036,
            1.0184453287903144,
            1.0632320413685807,
            1.1325408449076644,
            1.2252586393645315,
            1.2902851538224653,
            1.3591739972432455,
            1.452722920311822,
            1.5405237126350402,
            1.7100609726376004
        ],
        "softmin": [
            0.001722273850204921,
            0.0026538406099591936,
            0.0038861121935610623,
            0.005318473951489318,
            0.006848434309377405,
            0.008128403678653747,
            0.010050095073171944,
            0.012485389186911387,
            0.013954026643249103,
            0.016246958132143375,
            0.018816821158878387,
            0.02255170660860398,
            0.02451027789205875,
            0.02938619903896166,
            0.03342623570386101,
            0.03871004996092423,
            0.04045536237604478,
            0.04616415500640869,
            0.050128474831581116,
            0.05215045985053567,
            0.057760859980727684,
            0.06321459105520537,
            0.06747640669345856,
            0.07173747108096168,
            0.08443163335323334,
            0.08847148243973894,
            0.09277079182286416,
            0.09346694350242615,
            0.10035893050107089,
            0.10694166941520496,
            0.1112870110405816,
            0.1291700569359032,
            0.13867107657499092,
            0.19537255638524106,
            0.13771030611528126,
            0.14600879318860113,
            0.1472652816772461,
            0.16296687418100786,
            0.16815392441219754,
            0.1769547176361084,
            0.19997221306909488,
            0.1977939075893826,
            0.20381653719934925,
            0.22440365273901758,
            0.22562743539679542,
            0.23767584562301636,
            0.24887715918677195,
            0.26235601722553215
        ]
    },
    "done_results": {
        "centralized": [
            true,
            true,
            true,
            true,
            true,
            true,
            true,
            true,
            false,
            false,
            false,
            false,
            false,
            false,
            false,
            false,
            false,
            false,
            false,
            false,
            false,
            false,
            false,
            false,
            false,
            false,
            false,
            false,
            false,
            false,
            false,
            false,
            false,
            false,
            false,
            false,
            false,
            false,
            false,
            false,
            false,
            false,
            false,
            false,
            false,
            false,
            false,
            false
        ],
        "softmin": [
            true,
            true,
            true,
            false,
            false,
            true,
            true,
            false,
            true,
            true,
            true,
            false,
            true,
            false,
            false,
            false,
            false,
            false,
            false,
            false,
            false,
            false,
            false,
            false,
            false,
            false,
            false,
            false,
            false,
            false,
            false,
            false,
            false,
            false,
            false,
            false,
            false,
            false,
            false,
            false,
            false,
            false,
            false,
            false,
            false,
            false,
            false,
            false
        ]
    }
}